{"0": 14.34656047821045, "1": 14.346558570861816}