{"0": 14.346558570861816, "1": 14.346558570861816}