{"train": {"0": 14.346559524536133}, "evaluate": {"0": 15.073868751525879}}